-9.390036300872561803e-01,-7.459792032566099351e-01,-1.987662268377843044e-01
-2.186604121737951711e+00,-6.869164612802046606e-03,3.692784868596152847e-01
-2.011862607860030572e+00,4.838775498179827550e-01,4.710844123363172598e-01
-1.742079356139391466e+00,7.689537474937162553e-01,4.645653039644340732e-01
-1.676202050486677253e+00,1.808530961473192367e+00,9.053158489266411868e-01
1.401022832828778628e-04,1.549923324104352851e+00,1.166570342326169962e+00
1.360084927681018074e+00,1.335184874651569320e+00,6.451397042803561632e-01
1.519925622423206280e+00,1.067313241175317007e+00,2.381339881232223969e-04
9.380584383433174800e-01,1.124367693392399836e+00,-2.681236580123309010e-01
5.599991686265134438e-01,1.161129582707530528e+00,-3.912514792918087014e-01
4.516251189255081067e-01,9.485968466136550648e-01,-4.650203371841710176e-01
4.443707727673222863e-01,9.830549908650374480e-01,-4.544329130614133128e-01
5.376344483095352872e-02,9.996713648354765835e-01,-8.642544551464904634e-01
-7.766631268716389647e-01,-1.648472569630237139e-01,-3.922808121926323333e-01
-1.782615466090875511e+00,-3.662533945575197625e-01,3.979527605254172262e-01
-1.736295485553810858e+00,-1.284909860806330954e-02,2.225361770454354460e+00
-1.491363271010200053e+00,9.037828658882371413e-02,2.235361004348070058e+00
-1.058847389254582216e+00,1.191505919594660068e-01,1.244946690346028673e+00
-8.214146001312581102e-01,-1.060282340588145911e-01,-9.593096846025868374e-02
-5.518764276727197160e-01,-7.709772879908987075e-01,-1.871285143118970984e+00
-1.290166688438763309e-01,-6.548587336075059051e-01,-1.982894239079707521e+00
-1.450938684376934795e-01,3.225663795031892267e-01,-3.828207526755387224e-01
-4.951295621835366534e-02,7.323879215882662663e-01,4.269211293057402767e-01
4.460863276020284318e-01,1.171324880010926828e+00,1.190980236831416628e+00
1.060990196213114523e+00,-3.696354883745118225e-01,3.831009572421044673e-01
5.649987855733712427e-01,-1.467786645996096428e+00,-6.887777034822665234e-01
3.109006066271877700e-01,-1.702425531531470471e+00,-9.391996934969367716e-01
-4.397416489487396968e-02,-2.046663863078354240e+00,-1.165015725596679763e+00
-3.449805146071641682e-01,-2.260814122302095885e+00,-9.451306116397778512e-01
-5.421222730411051627e-01,-2.093081875320259577e+00,-2.999349462330240246e-01
-2.970430109402337204e-01,-1.808544852021147786e+00,-1.935215306288256554e-01
-2.012660353112132039e-01,-1.724727744382649863e+00,-1.404373624577769097e-01
2.787952232919735929e-01,-1.229373539824368589e+00,4.134907857426124989e-01
5.324522595663755409e-01,2.114964579190743432e-01,1.291511750145194037e+00
6.689969327956024614e-02,1.914160123438667815e+00,2.106841439302373331e+00
4.896124045511431322e-01,2.365302029113952376e+00,2.249673633254761107e+00
1.245976023246852193e+00,1.486986969596848951e+00,1.730301661010594128e+00
1.850537546997281790e+00,4.687806672725691182e-01,6.447475774609946475e-01
1.666090894340165995e+00,-1.226446080292536572e-01,-2.179804409864926074e-01
1.503603343567288197e+00,-9.228774146410188006e-01,-1.477897403208030536e-01
1.912529108695423530e-01,2.027716361882833107e-01,1.633397320775909600e+00
-1.759185888634032358e+00,8.276257228406649347e-01,4.754958390541329516e-01
-2.609218801304694413e+00,1.385328091677407780e+00,2.946763594761100391e-01
-1.433328501744713934e+00,1.429834485674925881e+00,-2.824853027714419595e-01
-3.841931965433035279e-01,-6.428008339121429326e-01,-8.295512316330069247e-01
-9.833139606750939121e-01,-1.263047430437028495e+00,-7.407835229000714339e-01
-1.308828236597471273e+00,-8.595979491665738381e-01,-8.024454652446506575e-01
-1.510332405896807506e+00,-5.220257735488336159e-01,-9.291514437508010538e-01
-1.683701475906963951e+00,-1.065674084354364948e-01,-1.259371241505515160e+00
-8.924875861405107136e-01,8.472797194712501992e-03,-1.419260952100123818e+00
-3.706292970362939920e-02,-1.670039544695113842e-01,2.443847347031066503e-03
1.876257377904494705e-01,-3.006701840193266029e-01,3.366694533868207911e-02
1.940958303099124815e-01,-4.612461165478175529e-01,1.923802754752063915e-01
2.286029904137151514e-01,-6.451045789758912408e-01,-1.162235313622108218e-01
6.240628877396812157e-01,-5.720219430174113828e-01,-2.881711416521821612e-01
6.899892092448155489e-01,-6.080485945462394959e-01,-4.798231246150636564e-01
8.678677376776279262e-01,-2.519974425660935768e-01,-8.911776497385447138e-02
1.230228443006597810e-01,5.055425565876997540e-01,1.075828507883048735e-01
-8.741066414829453679e-01,9.426169126183937541e-01,-6.329990236180127287e-03
-2.502818877313874313e-01,5.345599412204429246e-01,-1.817577260479838475e-01
1.940432620335881264e+00,-4.827640757602739696e-01,-4.098775032114748695e-01
1.486790906187168249e+00,-5.076151129373024373e-01,-3.624301580687461777e-01
7.384658872883679281e-01,-1.789638224600338945e-01,1.150332603561713546e-01
9.668307437139598282e-01,1.313065233596692194e-01,4.262349073718578185e-01
9.474694820079910818e-01,5.242175963597861532e-01,9.259025069431143784e-01
8.976693759490939062e-01,5.832816985260961262e-01,9.622232535864635450e-01
8.013532259434514859e-01,6.611678880217530807e-01,4.739763476291075639e-01
7.496415016401677400e-01,1.082017996901369239e+00,-5.952554570645739451e-01
1.449783937609936846e+00,1.487722207383151751e+00,-8.164639990368204314e-01
2.428826573850498161e+00,1.744614289917285177e+00,3.332028194783670516e-01
2.453187452503324373e+00,1.870094872112931128e+00,6.787645790405957280e-01
1.373907398063507035e+00,2.340892134608705266e+00,-7.465808850990304779e-02
1.201420613396913861e+00,2.441472663774902685e+00,-1.523482145958792999e-01
1.101771385426699501e+00,1.992389423901266055e+00,-9.222892244119766936e-01
7.729105399263719312e-02,6.220042219380338411e-01,-1.057965103911019167e+00
-3.576266045315691366e-01,-1.097044229903276630e-01,-6.043233897623061512e-01
-8.757731804652313379e-01,-2.980723438410573523e-01,-1.905315636311950278e-01
-2.217056457704258965e-01,1.034655191850102490e-01,7.613562903685893168e-01
-2.807880051163660351e+00,3.514857324310920461e-01,1.138680322299090664e+00
-6.508184782067456098e+00,6.301408534397828776e-01,2.727662734442921622e-01
-3.779227198574254043e+00,2.082123958069226621e-01,3.180569210805332392e-01
6.087699417845867655e-01,3.543151602580835169e-02,-2.531381627661457578e+00
6.087699417845867655e-01,3.543151602580835169e-02,-2.531381627661457578e+00
1.538110503671090923e+00,-1.892571514682704903e-01,-2.695731780826302160e+00
1.549090054613209810e+00,-3.866930050167324828e-01,-2.413106375771576939e+00
7.258688132163831908e-01,-1.300005383161839667e+00,-1.038848921467151243e+00
3.399670071123511161e-01,-1.784478068482842295e+00,-9.255732865241284024e-01
-6.314291561506626405e-01,-2.644853326014161343e+00,-5.385931316668525204e-01
-1.621059216513981216e+00,-3.474005485553828709e+00,1.962525278164001241e-01
-1.742373451253912631e+00,-3.794324081119667902e+00,9.572726524920258662e-01
-1.458375602331422938e+00,-3.713006781954598878e+00,5.314229266655517980e-01
-1.135802277554256001e+00,-3.411559289570527120e+00,-1.867083271424214430e-01
-7.849958217830685925e-01,-2.954339418195141231e+00,-1.128155804576708610e+00
-8.989576786599737801e-01,-1.609834586309761173e+00,-8.781749572338198861e-01
-1.364363197389528493e+00,2.492841277111245368e+00,3.540800201854571672e+00
-6.116267517729122583e-01,7.270906571029833287e+00,4.161684004460918906e+00
4.183152947820954815e+00,2.977510025841928698e+00,1.862889541807165594e+00
4.183152947820954815e+00,2.977510025841928698e+00,1.862889541807165594e+00
2.775172587051449646e+00,-2.121216974609438921e+00,-2.741022428462542848e+00
1.817157751499142826e+00,-2.641667295606850097e+00,-2.735385605434222711e+00
-2.219507250325267189e-01,-1.526311573785784415e+00,-1.163215630670511869e-01
-3.990877649324566345e+00,1.288913909966924898e+00,2.200902860096687785e+00
-5.442089991928666493e+00,2.751301866922824413e+00,-3.500291474064420871e-01
-3.458271396926952956e+00,3.513877007262516949e-01,-1.769087090822907715e+00
-3.032190083451756779e-01,-1.631548608931898459e+00,-5.278096441344142242e-01
-8.506770640261021033e-01,-1.200307139339205298e+00,-2.363208238007839856e+00
-1.031153432637184064e+00,-1.061837356252212983e+00,-2.473493905953231486e+00
-1.155653697784426504e+00,-9.204756378724302524e-01,-2.423252657222553008e+00
-1.076689159535525686e+00,-6.296155696111160882e-01,-2.423791831599174884e+00
-3.381673111207599280e-01,4.229373536463274658e-02,4.717706342701997180e-01
-2.692020067655747639e-01,1.127295152924231714e-01,2.917318559069954631e+00
-4.157103896494755979e-01,1.840475805637767359e-01,9.601155719323960502e-01
4.971608458238500061e-01,-8.014786398096258868e-02,-3.700766310462934028e-01
6.796468643841587776e-01,-3.805660234642106454e-01,-9.928720518970278741e-01
7.640031463992786875e-01,-6.220181124859891497e-01,-9.519928309786023224e-01
1.113633221712381660e+00,-9.316512522242300642e-01,-6.032450410090623993e-01
8.354682592278928066e-01,-8.420502740001514219e-01,-1.994524487716667349e-01
7.630228293508751758e-01,-4.366401586328900741e-01,-5.952064412121538250e-01
1.366996162872262666e+00,9.562298279778236321e-02,-7.042667128470415649e-01
9.007573746515650237e-01,4.862303107341511277e-01,6.210239048896303293e-01
7.568468319459332738e-01,3.692784868596152847e-01,1.158384694972000695e+00
7.503767394264702073e-01,2.043401434657289018e-01,1.177696940825549543e+00
7.139089452258605695e-01,5.489215859795539831e-01,3.108515907747675944e-01
1.051530136696020801e+00,9.600175402275555880e-01,3.055088628609685664e-01
1.062656735195400381e+00,1.032659033514253810e+00,2.128198859344190563e-01
8.091467464782592378e-01,1.267395950754468315e+00,-2.030306059983394695e-01
1.042266140588608003e+00,1.414933666539192947e+00,-2.841518417537278740e-01
1.601438984997956005e+00,1.485075351352462381e+00,-3.389039090969668804e-03
1.401601354680905409e+00,1.954353122423210687e+00,-3.220901115269427795e-01
1.257543764418013410e+00,2.049836002937710511e+00,-1.932764513667247774e-01
8.663972621050227696e-01,2.081304180191462461e+00,-1.118611204968153333e-01
2.213976601079495343e-01,1.128681088405375066e+00,-7.976419117074735610e-01
-4.525703106694466960e-01,1.418939474824268687e-01,-2.125396813678532837e-01
-1.631695656489159152e+00,2.096828713795279020e-01,4.563796566102650276e-01
-1.759234904486452589e+00,6.599915075636689776e-01,8.434578431723812608e-01
-2.169007430719108953e+00,6.212689841517312628e-01,1.412629921475444750e+00
-4.088713290755234375e+00,1.231208760055001183e-01,1.592125973038122977e+00
-4.166991607070253067e+00,-1.820518211625049010e-01,5.038760176054138951e-01
-7.590664358527964284e-01,-7.396561582944073399e-01,-5.485923655605681182e-01
9.453114243115987719e-03,-9.499831810293752898e-01,-1.742765578073274035e+00
-1.887804845574473853e-02,-4.834012818417363078e-01,-2.696368986907764054e+00
4.321658255146988981e-01,7.988889417090640210e-02,-2.782146728643069444e+00
1.578793661179835439e+00,-1.186878155965982208e-02,-1.362402563292721469e+00
2.030817852198683049e+00,-5.949123460976327715e-01,-3.519897815032490551e-01
6.044565467716115359e-01,-1.964366246864881704e+00,-3.185119543002700726e-01
-5.586896311591239561e-01,-2.907774358395975867e+00,-9.529376237879642886e-02
-9.228283987885986805e-01,-3.307008476358295201e+00,4.175100856410667860e-01
-1.488912478389191385e+00,-3.497189983748571152e+00,2.851672841065962527e-01
-1.452640747598262339e+00,-3.289607848749133368e+00,-2.394984001989491351e-01
-6.986298898187215389e-01,-2.772294542306614318e+00,-7.882798838952203013e-01
-4.124263275373240001e-01,-2.235718005862966429e+00,-6.175086540633331067e-01
-5.462396046443998010e-01,-2.646435324904985453e-01,1.540708343849360284e+00
-8.866546997025099852e-01,5.578193123551534960e+00,4.487247296235715943e+00
4.423428656384649216e+00,1.927982593821156998e+00,9.897211467941813279e-01
4.423428656384649216e+00,1.927982593821156998e+00,9.897211467941813279e-01
4.892692935842019031e-01,-8.679306440780034659e-01,-2.222630773266779602e+00
4.892692935842019031e-01,-8.679306440780034659e-01,-2.222630773266779602e+00
-1.066297798822448906e+00,-3.239527139189093963e-01,-1.377695509247816030e+00
-2.515255412215220421e+00,1.711073955248507417e-01,-3.310109966674145143e-01
-7.417428844461689152e+00,1.343811664677520001e+00,1.202842073117098787e+00
-2.316349083094153105e+00,-9.303768400613053879e-01,-1.138841260404306777e+00
-7.516650421373500812e-01,-1.475580166530904069e+00,-1.531066111470541280e+00
-4.194846102858290626e-01,-1.570719936078462275e+00,-2.232924102275016143e+00
-4.921261035725273403e-01,-1.250989530741665412e+00,-2.717837930267800406e+00
-5.148204432430679711e-01,-8.501869055019003474e-01,-2.798469007498987082e+00
-4.509527875395809571e-01,-3.917416378160104018e-01,-2.709162124389429938e+00
4.454846457596076809e-02,3.788855939339694778e-01,-2.118179351949292868e-02
-5.179574577979590977e-01,9.414405321603096510e-01,3.353510629757085582e+00
-6.626522541423136570e-01,4.726039037613427030e-01,1.822010320888740154e+00
-5.715942919590084187e-02,-1.281343835003131981e-01,4.404481443838039259e-03
8.109603330178056790e-01,-5.378088780281297110e-01,-9.047905650979745085e-01
4.953472592843035094e-01,-7.452439654703072458e-01,-6.232435087964934839e-01
4.288817634025472447e-01,-8.224929488845018621e-01,-2.113277766707276004e-02
3.190372381289366954e-01,-8.093076845834750177e-01,2.839418877960919185e-01
4.037366311109978345e-01,-4.898223585087791987e-01,-3.639496494937716209e-01
7.627777500887743534e-01,-2.591537570194389906e-01,-9.756184718451262894e-01
1.152894919500941251e+00,5.503785699387805930e-02,7.974184661364590310e-02
1.242348850167759311e+00,4.667220014709217990e-01,1.071430572778611534e+00
1.281757595513579373e+00,5.877911569487522803e-01,1.086723518733706095e+00
1.163188248509178013e+00,9.839372762086007196e-01,6.212689841517312628e-01
1.299844445056623776e+00,1.104614304867069574e+00,7.234045289819958369e-02
1.286070990526554825e+00,1.082017996901369239e+00,9.513282427358062121e-02
1.384984980710466385e+00,1.340331539155687590e+00,5.783176058182799145e-02
1.411747636131881700e+00,1.506446263007658271e+00,2.410885411674809631e-02
1.518602194407861594e+00,1.610310854286007620e+00,3.895710497615674228e-01
1.210978704618847823e+00,1.770445644142716768e+00,4.076578993046117705e-01
7.002825382530522003e-01,2.050669272428853329e+00,-1.342123492004148044e-01
8.626720573210895360e-01,1.923620182955761537e+00,-1.865612795851609163e-01
8.147835695065793749e-01,1.443068765828372957e+00,-1.120019173074959795e+00
2.375238755541868862e-01,3.882476217462227930e-01,-1.115068571980522227e+00
-6.224592551577706745e-01,-3.111595764372439565e-01,-9.671522209898146538e-02
-1.389900456500439363e+00,1.562911164805794520e-02,6.698436939001239931e-01
-1.805652916728357482e+00,8.240475656139921723e-01,1.745986733785049871e+00
-2.609708959828895836e+00,3.843263535526088015e-01,1.312000376456827100e+00
-3.280392868494140579e+00,2.655964673775680976e-02,6.790096583026965504e-01
-2.107492535931790645e+00,-1.172038484106143197e-01,-4.061522984275416359e-01
-6.398108669145123883e-01,-2.710155933051211496e-01,-1.298289828327133799e+00
1.257677320361895446e-01,-8.098113347210554591e-02,-2.115384088171438304e+00
2.623749127312152152e-01,5.837718570502979931e-01,-1.746245703595106225e+00
1.067509304584997709e+00,9.071784513186077481e-01,-1.081247633810602071e+00
1.693245676580942494e+00,6.915442249088825377e-02,-1.033702256963032973e+00
6.031331187562667395e-01,-1.402154419605482927e+00,-1.154820428293283685e+00
-1.068013353657154774e+00,-2.462955497682894457e+00,-9.299356973895238632e-01
-1.437788944314949635e+00,-2.752541153781284056e+00,-7.788198243781265795e-01
-2.072936359975567466e+00,-3.489690558328284453e+00,1.327635073188958119e-02
-2.120971895347338432e+00,-3.832262350892882807e+00,3.598674431949418495e-01
-1.009782520981987952e+00,-3.975584703369472006e+00,1.036615825946909236e-01
-5.037428605961086214e-01,-3.320046693102061575e+00,-5.077131446421427885e-01
-6.490748630219254078e-01,-2.789744185768196161e+00,-5.325151659667509696e-01
-1.271331109496037781e+00,-1.149575732084324953e+00,-2.279931664935868491e-02
-2.659509065887792900e+00,5.775432913690316639e+00,4.200161448610756132e+00
3.614765123156614024e+00,3.582610723968980171e+00,3.180582702418710550e+00
5.074457208229404159e+00,7.014099028587161833e-01,-5.468277948734417970e-01
3.927486261597326500e+00,-2.026469331881242564e+00,-3.948724016243216450e+00
3.927486261597326500e+00,-2.026469331881242564e+00,-3.948724016243216450e+00
1.301791587540052364e-01,-7.813821403173541735e-02,-4.364440952232093163e-01
-5.290974118917269209e+00,2.733215017379780232e+00,2.492400134439463955e+00
-4.135327366406820637e+00,4.852009778333274959e-01,-6.535843214445813398e-01
-2.372031091443470796e+00,-1.301769953848965988e+00,-8.553335700060186175e-01
-1.022820737725754103e+00,-2.034507931678151138e+00,-8.205813306401150697e-01
-7.245592757489937030e-01,-2.182388758429816722e+00,-1.079679126533156452e+00
-1.185259272646211892e+00,-1.817465737161619632e+00,-2.090533050994410225e+00
-1.412349716908879227e+00,-1.331914703087373253e+00,-2.219199663597367866e+00
-1.341521810161727446e+00,-4.336501916352594188e-01,-2.137784332727458381e+00
-1.166192106054764199e+00,1.536577520632687044e-01,-1.777370769881917001e+00
-1.049975519966530824e+00,8.989928039644387026e-01,2.476911125074688691e+00
-9.213089073635731818e-01,6.336699948140352978e-01,1.797796489793174191e+00
1.837534854492557101e-01,-2.201506301063589632e-02,7.547746745309073801e-02
4.935336727447570682e-01,-1.945018476772291394e-01,-3.647339031324943748e-01
9.284023154165431668e-01,-6.018725971412974829e-01,-1.059239516073943621e+00
1.598350986295485221e+00,-1.490726064928737715e+00,-3.162082092365218755e-01
1.114662554613205403e+00,-1.099236451648806012e+00,2.140942980973435938e-01
9.305099970706107726e-01,-6.410852790774369536e-01,-8.583370286170280417e-02
1.052020295220222668e+00,1.340514110951989690e-01,-6.834349755684675509e-01
1.297932826812236984e+00,8.640935170412745725e-01,-5.119775238026978981e-01
1.482281447764512317e+00,4.927494191060342588e-01,1.196470012302476293e+00
1.177353829858608147e+00,6.320524716841696700e-01,9.056099440411621293e-01
1.068979780157602866e+00,7.081250746402800722e-01,7.284176375422322103e-01
8.617407561251062553e-01,8.093918257403600602e-01,3.816304816694991997e-01
9.613409682429003844e-01,1.054275024431550634e+00,-2.030796218507596451e-01
1.197842456170241210e+00,1.316852945846424205e+00,-1.165176264767318892e-01
1.437137847685531877e+00,1.560412716522270316e+00,3.588871261465383378e-01
1.519533495603844875e+00,1.762309012640967953e+00,3.894240022043069516e-01
1.425128963842589247e+00,2.471813476422990874e+00,2.301714976911607424e-01
1.075596920234326515e+00,2.138897806785167166e+00,3.043324824028844078e-01
6.150929867467892498e-01,1.416257094554537632e+00,-6.328016000184274459e-01
-1.294578115156578835e-01,2.259561343830257529e-01,-2.390572575271675826e-01
-9.025358358866464314e-01,-6.005136448869113214e-02,4.728979988758637010e-01
-1.729188186952885564e+00,5.188258525935670606e-01,1.037560618756271147e+00
-1.614687155699358501e+00,8.625250097638290647e-01,1.496741124228463837e+00
-2.421537102387846918e+00,4.715255550080988400e-01,1.221468097036765288e+00
-4.419815373853511531e+00,1.083671044270276829e-01,5.739196707138429776e-01
-3.638600717980773780e+00,-7.529529459136533043e-02,4.313325560235559686e-01
-1.970016561506580388e-01,-5.529057605735433478e-01,-8.190128233626695620e-01
3.663375357144048605e-01,-6.906403058742330847e-01,-1.864717018894667344e+00
1.732150771789182364e-01,-8.931382838353514597e-02,-1.846826232761303865e+00
1.255485098616366146e+00,-1.017638548982594260e-01,-5.163889505205135899e-01
1.806178200557023938e+00,-7.174029612956482893e-01,-6.044704373195668445e-01
1.552570180135042444e+00,-1.153251921015838066e+00,-8.107291443036600542e-01
1.214898612622557217e-02,-2.348062339610005989e+00,-8.667052477674991318e-01
-1.031398511899284776e+00,-2.983699913794826131e+00,-3.733606931584451116e-01
-1.236284775015613180e+00,-3.280637947756241513e+00,4.493703897141800852e-01
-1.374607510545345024e+00,-3.207065153273559677e+00,5.730373853702798170e-01
-1.417300318003316795e+00,-2.954437449899981694e+00,3.234976806991725629e-01
-1.037868604418747953e+00,-2.718230057087161811e+00,-5.529682680393421812e-02
-8.376878631347559612e-01,-2.187241327819414050e+00,2.369356853251447792e-01
-1.379509095787362360e+00,-8.240259319229061019e-02,2.153896657625740563e+00
-1.648753173131379590e+00,3.519772401166316733e+00,3.816220276603530692e+00
1.492917887739690253e+00,4.836436228877038168e+00,3.141860179006773279e+00
3.333414130264813924e+00,2.238350971345700824e+00,1.338959095287922674e+00
2.476469982402907277e+00,-1.371225416728353075e+00,-9.542965760423505195e-01
2.476469982402907277e+00,-1.371225416728353075e+00,-9.542965760423505195e-01
1.160639424183328661e+00,-1.402154419605482927e+00,-1.510332405896807506e+00
-9.689033000635624004e-01,6.528217014969447951e-02,-4.586972922219684778e-01
-3.993573521207675725e+00,1.748731621520579704e+00,5.262762621614335279e-01
-5.109321369848103700e+00,1.815246133254756256e+00,7.250845595776603814e-01
-3.508953788329412848e+00,-9.402780422501806346e-01,-6.227533502722917280e-01
-8.727341976151805625e-01,-1.945348096125854243e+00,-1.445288369735236333e+00
-8.727341976151805625e-01,-1.945348096125854243e+00,-1.445288369735236333e+00
-1.344952919831139404e+00,-1.567141778851789402e+00,-2.502756369848075924e+00
-1.110510097705446064e+00,-8.056805115043821353e-01,-2.677448867873577054e+00
-8.017102274583479682e-01,-9.975420494903229629e-02,-2.589416396926944142e+00
-5.800115269618998370e-01,4.685846038628883603e-01,-8.168561258561819471e-01
-6.618680005035908476e-01,1.062607719342980372e+00,3.112352635849828353e+00
-3.249820468197330836e-01,3.983939031971988065e-01,1.593792512020408836e+00
3.931492069882401852e-01,3.048091493137074920e-02,-3.591951118090146999e-01
4.304992865324129836e-01,-1.302910810068008407e-01,-6.111856091011306225e-01
9.018847392572290067e-01,-6.472612764823788556e-01,-6.500551800703288086e-01
1.775249197679894086e+00,-1.514400721647682024e+00,-4.296308917368050762e-01
1.662267657851392189e+00,-1.467296487471894562e+00,-1.878356917480854538e-01
1.461743805600459245e+00,3.998999030088455642e-02,-7.482339324679379011e-01
1.558010939753681656e+00,3.742781038064731391e-01,-6.199594466843417750e-01
1.256514431517189667e+00,8.596820903234588807e-01,6.154360977137305344e-01
1.296021208567850191e+00,6.402381190383387155e-01,1.143581907541108222e+00
9.067863244992464544e-01,3.161943186885665669e-01,5.046112553917163623e-01
5.051014139159182292e-01,8.781120508334444574e-01,6.763137864195869486e-01
4.013838701948294618e-01,1.295089907371866911e+00,5.073561431272461952e-01
6.927831128327655019e-01,1.438461275700876563e+00,-1.771515961103919089e-03
1.156424060875193893e+00,1.496888171785724309e+00,-3.415494049377519326e-01
1.975724034078407021e+00,1.689520471797009149e+00,-3.583618423178717149e-01
1.398954498650216260e+00,3.238225344864835709e+00,4.059913603223258560e-01
1.104075130490447698e+00,2.892712601155027041e+00,1.919391328034248112e-01
9.786435641472218672e-01,1.786718907146214841e+00,-3.689492664406294198e-01
3.817775292267597820e-01,1.014082025447007762e+00,-1.191533301755994145e+00
-3.473822913757527164e-01,4.564776883151053788e-01,-6.240767782876364134e-01
-1.483079591951190546e+00,1.404724877622418044e-01,8.361054653093550337e-01
-2.548292096746417990e+00,5.160319490056171077e-01,1.615849645609487295e+00
-3.072271559118080919e+00,5.869088716051891197e-01,2.027582805938951349e+00
-3.893385118860839711e+00,-1.667098593549903585e-01,1.509289182448028344e+00
-3.535177269374206510e+00,-7.373524132306591428e-01,7.082721221975406545e-01
-5.088405092478067715e-01,-1.052622375997220416e+00,-8.964088543341246496e-01
1.938997669002317792e-01,-1.046201299330177470e+00,-1.713699177588110745e+00
7.616368938697316848e-02,-5.914812364282204804e-01,-2.223660106167603789e+00
2.463957448422383900e-01,3.881495900413824418e-01,-1.826337606449671247e+00
1.047657884354827207e+00,4.705452379596953283e-01,-1.374215383725983619e+00
7.744925388171960412e-01,-1.429358217698679656e+00,-5.235452649738590036e-01
1.621865103843790346e-01,-2.145675884967106040e+00,-1.522991987434590966e-01
-8.058900665274414121e-02,-2.405999077170651645e+00,-2.539715682762792165e-02
-6.940223996912251447e-01,-3.287892293914427277e+00,3.023228324536572642e-01
-9.389546142348359492e-01,-3.485230115758048530e+00,-1.574103390085358420e-02
-1.042966253070445770e+00,-3.438321944991941770e+00,-2.204802494599215068e-01
-1.022281563349132449e+00,-3.208927755665526238e+00,-3.938983353224980721e-01
-5.901087925604556750e-01,-2.889344397885990290e+00,-3.315011551916162702e-01
-5.687378809052596740e-01,-1.798398570570171717e+00,4.346656339881277975e-01
-1.316033566903236807e+00,5.917971012528183472e+00,4.288733093934010476e+00
2.605038563301024457e+00,2.977804120956450085e+00,2.759928656948774872e+00
2.605038563301024457e+00,2.977804120956450085e+00,2.759928656948774872e+00
3.662800658528385433e+00,7.013118711538758321e-01,4.816228206066547335e-01
2.212078474448487153e+00,-1.175505118014597006e+00,-1.252263942904590088e+00
1.016519326454637800e-01,-5.071249544131006814e-01,-8.270514231595781363e-01
-2.010931306664047291e+00,1.091513580657504645e-01,-5.465336997589207435e-01
-4.672786188194030466e+00,1.077165427511772133e+00,3.027639751254388445e-01
-6.181886252506356705e+00,1.465076883565031185e+00,-8.124446991383661443e-01
-8.209734574594765855e-01,-1.715463748275236844e+00,1.774304404870532259e-01
-3.594401910711155224e-01,-1.911772237218034798e+00,-9.299001731504821788e-02
-6.538294007066822733e-01,-1.532242491928625494e+00,-1.680025286975450838e+00
-1.227903064251763432e+00,-1.098942356534285070e+00,-2.263951136856986679e+00
-1.177171656996883087e+00,-8.249927573579308726e-01,-2.354238337014948002e+00
-7.962204519872885244e-01,-5.893245389217328656e-01,-2.311937656376337191e+00
-1.395550771142138047e-01,-8.887268571175360732e-02,-1.287114213975333987e+00
-7.598151652524777477e-02,2.377689548162877642e-01,1.261108430031307459e-01
-6.833369438636270887e-01,1.361590927492664915e-01,1.814952038140235313e+00
-3.296385527996495979e-01,-6.524704484522959869e-02,1.125544073850483828e+00
3.673178527628083168e-01,-3.632769191732678621e-02,7.453281066271922883e-01
1.954682741776773425e-01,-6.771132907961695431e-03,1.859591988081635561e-01
4.527034676787519141e-01,-4.334051123731585409e-01,-5.092326360671680652e-01
1.198528678104123557e+00,-1.054877105208548382e+00,-5.450142083338953558e-01
1.314794280044776942e+00,-9.738048853055799592e-01,-6.132932907551981172e-01
1.461204631223837369e+00,1.532656252439072997e-01,-8.552355383011782664e-01
1.545953040058318795e+00,1.021385387457613758e+00,5.318150534849132027e-01
1.434540007507262738e+00,9.771240727221964795e-01,1.317196056813365379e+00
1.410620271526217717e+00,5.460296506867637900e-01,1.634279606119472650e+00
1.410130113002015850e+00,3.819245767840202532e-01,4.485861360754572758e-01
1.597370669247081487e+00,4.752997756444522492e-01,-1.918549916465397132e-01
1.849263134834357114e+00,8.485554918240794109e-01,1.803223757798435023e-01
1.310382853326961250e+00,1.355771532668042401e+00,5.607344064128160221e-01
9.568805256726644615e-01,1.498211599801069216e+00,5.862226496713066615e-01
8.428206370909189227e-01,1.437186863537952108e+00,4.144711027910160106e-01
6.813134033664446365e-01,2.368831170488205018e+00,-2.314598004020405331e-01
5.916143934375258651e-01,3.321552293979132209e+00,2.203683272071258747e-01
8.068430014145109297e-01,2.248301189386995969e+00,-1.798951236560172029e-01
3.171746357369700786e-01,1.204459596246964415e+00,-1.006498458869836243e+00
4.101932320170822294e-02,5.700964342250692818e-01,-8.071019712245671718e-01
-1.143399734679382940e+00,9.885802905751385483e-02,4.684375563056278891e-01
-2.965073889875159630e+00,1.243672278183103996e+00,2.428728542145657698e+00
-3.141530958587786859e+00,8.509082527402477281e-01,2.233449386103683487e+00
-3.352446171551796805e+00,-1.812675675237821193e-01,1.154022284106605234e+00
-2.834936801699596831e+00,-8.918503800590484865e-01,2.116790297153763739e-02
-1.602188113332214225e+00,-1.108010289232017165e+00,-3.419905476095335128e-01
-5.006562220835425459e-03,-9.019476456576044354e-01,-1.798643649832272651e+00
-9.431344533039294487e-02,-3.806640551690509966e-01,-2.556526759953007044e+00
-2.740680677685506175e-02,3.910905411865928660e-01,-2.060486333460843422e+00
6.383755166463720432e-01,9.241869521084081773e-01,-6.008922800928940822e-01
1.182500494362726418e+00,3.516817958407727485e-01,-4.468354559362862632e-01
8.993359149313798762e-01,-1.645763206133749046e+00,-8.739105780732646656e-01
2.056145556286534115e-01,-2.438986745849429205e+00,-5.738355295569578240e-01
-5.056054629880752938e-01,-3.288333436586208691e+00,-1.739642055131761234e-01
-8.684208026022052218e-01,-3.796382746921314943e+00,3.732487709056493963e-01
-1.259273209800674920e+00,-3.783050435063028072e+00,2.968820728350179405e-01
-8.820962254274338221e-01,-3.514051436981111554e+00,-2.431745891304621932e-01
-8.267083121926369627e-01,-3.208192517879223882e+00,-6.266746184659056640e-01
-9.782653278758156601e-01,-2.357179288160158315e+00,-4.301700661134270631e-01
-1.644096667151463187e+00,5.906354255504602691e+00,4.818055284219473045e+00
3.497813299282078514e+00,4.960838462319440367e+00,3.944102635567765081e+00
4.429065479412969353e+00,2.994861637598670523e+00,2.443629361281390633e+00
4.429065479412969353e+00,2.994861637598670523e+00,2.443629361281390633e+00
4.009048640024496457e+00,-8.719499439764577531e-01,-8.908700630106449747e-01
2.473970173929478378e+00,-2.056761128676909856e+00,-2.515157380510379959e+00
-1.185112225088951199e+00,-6.725669479445674226e-02,-1.328042450746179437e+00
-3.723447158520095890e+00,9.241869521084081773e-01,-9.238577316894223124e-01
-6.954474118353143552e+00,1.999692785911872051e+00,1.482673574583873721e+00
-1.743353768302316142e+00,-1.588561706359405745e+00,-8.573567115686243911e-02
-7.175009930004886405e-01,-2.145185726442904617e+00,-4.262487979198131272e-01
-1.060808023351389240e+00,-1.873882983297240123e+00,-2.048526465470320801e+00
-1.184033876335707447e+00,-1.718110604305926437e+00,-2.088817496159704135e+00
-1.284810468911585790e+00,-1.413722160776644143e+00,-2.052937892188136715e+00
-1.120852442566102836e+00,-5.913832047233801292e-01,-2.436045794704218892e+00
-5.539841093267873218e-01,5.557703137049998382e-02,-8.655778831618351488e-01
-2.698392128470369911e-01,5.879872203584328716e-01,2.931288077009704729e+00
9.841688638573228842e-02,6.537174784538866135e-01,2.726107718778854938e+00
6.705789316864265714e-01,5.600972003313537950e-01,5.958787725980809746e-01
6.867541629850840712e-01,1.181702749110625228e-01,-1.258047813490170697e+00
1.572029473545851541e+00,-3.453726414265255729e-01,-7.848977900782282413e-01
1.954500169980471380e+00,-1.059043452664262919e+00,1.338553476855182944e-01
8.709557363800989327e-01,-8.788121633152821133e-01,4.152063405773185889e-01
4.959354495133456719e-01,-3.948296365184814083e-01,-3.539639072134346393e-02
8.199792498631177651e-01,-6.583523507427170574e-02,-2.254798664067792779e-01
9.222753338640213849e-01,3.659454088950435113e-01,3.116358444134904038e-01
1.081919965196528777e+00,3.096261944642632602e-01,1.407287193561645777e+00
1.143483875836267982e+00,4.190295770660921737e-01,1.234016155256329794e+00
1.612614599349755595e+00,1.011141074301797449e+00,4.487821994851379781e-01
1.907395935804683917e+00,1.408708653281830703e+00,5.171593136112810907e-01
1.090203644255538284e+00,1.449244763233314970e+00,4.331951584155225854e-01
1.074371523923822291e+00,1.639524302328431604e+00,-2.080792387976174163e-01
1.166276247211649020e+00,1.709273860322339411e+00,-3.016505010677300591e-01
1.350575852311504121e+00,2.423728925198799455e+00,-1.330359687423305903e-01
1.015013326642991043e+00,3.261556890616838622e+00,7.841976775963905855e-01
6.728826767501747685e-01,1.495858838884900566e+00,-7.413717131291134299e-01
5.822388740118938921e-02,2.212015966982688320e-01,-6.087838323325420742e-01
-7.428421887017188086e-01,-2.676825153405493762e-01,4.168728795596045589e-01
-1.963091834701957250e+00,2.492876801350286664e-01,1.371750700557019531e+00
-1.979316081853034870e+00,1.144660256294351974e+00,2.341774419952268538e+00
-2.089797813208107424e+00,6.526881455530628706e-01,1.936658399699527910e+00
-3.219074037116502751e+00,-3.226783017559848865e-01,2.225250247136135451e-01
-3.288186389028948664e+00,-7.955342300534060662e-01,-4.838424245135179436e-01
-6.921597972992584724e-01,-7.389699363605249927e-01,-7.515670104325097300e-01
5.097089040434146234e-01,-5.148694590954882022e-01,-1.619980867760737464e+00
3.987370141641400356e-01,2.015462398777789765e-01,-1.432054089581789258e+00
9.393328505062421563e-01,5.225020415250800632e-01,-6.268706818755863663e-01
1.402385608319628441e+00,8.557473305164661759e-02,-7.552431993640227326e-01
1.299795429204203545e+00,-1.524105860426876680e+00,-1.149624747936744962e+00
5.086795711425909916e-01,-2.245178065380060151e+00,-1.187612033562380098e+00
-5.218297101391529136e-01,-3.125404743141549702e+00,-8.520985237462871398e-01
-9.579237491214435130e-01,-3.595319720293760568e+00,6.577232867389622151e-02
-1.074924588848399365e+00,-3.668794483071601498e+00,5.081403967659690046e-01
-1.142223354221298726e+00,-3.656540519966558378e+00,5.235803902783239261e-01
-6.899540839403506265e-01,-3.386806284098339059e+00,5.822388740118938921e-02
-3.652730775091163062e-01,-3.083643236879561211e+00,-1.327908894802297401e-01
-6.073623726123570377e-01,-1.298534907589234511e+00,7.995396394039050447e-01
-3.175498944314967709e+00,6.935687156328262049e+00,4.454553722671460214e+00
1.557177670262538616e+00,5.855181705577940043e+00,5.621964279762750927e+00
3.861118797420410420e+00,2.360302412167094577e+00,2.792769278070291961e+00
3.519674369461476271e+00,-1.217133068332703627e-01,1.776265038967339283e-01
-3.232174761326067625e-01,-5.826093671401690877e-01,-9.030259944108482983e-01
-3.232174761326067625e-01,-5.826093671401690877e-01,-9.030259944108482983e-01
-2.754158676911149684e+00,1.316482741367060085e-03,-7.166677235093456000e-01
-5.203431806494838163e+00,8.814941446504364064e-01,-1.638669399146202299e-01
-7.978379751171542633e-01,-1.019536675613602617e+00,-3.952707791902629886e-01
-7.978379751171542633e-01,-1.019536675613602617e+00,-3.952707791902629886e-01
-8.774887352999374279e-01,-9.845393569855982463e-01,-2.122246307510263108e+00
-8.774887352999374279e-01,-9.845393569855982463e-01,-2.122246307510263108e+00
-1.083306299612249335e+00,-7.865643290605142113e-01,-2.094503335040444281e+00
-9.698836171119660232e-01,-6.302527756925784264e-01,-2.004461214144583892e+00
-6.633384760761960042e-01,-4.573738642066237925e-01,-1.396762675839263723e+00
-1.631807179807377717e-01,-4.028192204629698070e-01,1.474683990639385378e+00
-6.866700218281990287e-01,-1.547990072168879683e-01,2.493086356373346746e+00
-7.178441039674298141e-01,-2.127847606299541616e-01,1.797306331268972546e+00
4.861812948817309521e-01,-4.696278273116673008e-01,2.585516762424416304e-01
7.453281066271922883e-01,-1.198507044413037320e-01,-5.387401792241129916e-01
9.179129229986259242e-01,-3.345401380416670456e-01,-1.271576188758138715e+00
9.524200831024286495e-01,-6.501041959227490397e-01,-1.221825098551661659e+00
1.118289727692298285e+00,-7.576449761326113919e-01,-3.620380312493848285e-01
9.145308291816338642e-01,4.871481203167557505e-02,5.888695057019960322e-01
1.015650532724453381e+00,4.896614204035633078e-01,7.442007420215283053e-01
1.021091292343092594e+00,5.421083824931498540e-01,1.240045105104011114e+00
9.954069856749213629e-01,1.461583266429820060e-01,1.285286736887832015e+00
1.021434403310033989e+00,6.577232867389622151e-02,4.204020209338570901e-01
1.543600279142150589e+00,7.081250746402800722e-01,-4.942337852265947795e-01
1.817255783203983288e+00,1.240535263628212981e+00,5.321581644518544874e-01
1.061823465704257341e+00,1.351115026688126219e+00,1.571539315021649896e+00
8.673285633010061613e-01,1.252446115766315149e+00,3.967273642149128920e-01
1.244456531821826806e+00,1.457920569111685660e+00,2.572637724661384559e-02
1.392680469540433785e+00,1.793090967960837556e+00,7.035666003652037981e-01
1.149659873241209773e+00,2.170758110858280521e+00,4.948571007601018090e-01
7.826291703189449667e-01,2.852470586318064161e+00,1.945369729816940618e-01
9.184030815228276801e-01,2.443629361281390633e+00,1.872826268235082414e-01
1.900275145590379910e-01,9.756535971495912118e-01,-9.408172166268026215e-01
-1.063209800119977899e+00,-2.977292328741161231e-01,2.743347807217377254e-01
-2.013431115137475746e+00,5.039250334578340151e-01,1.388612153789559267e+00
-1.987256649945102982e+00,1.381406823483793733e+00,2.034445025277775709e+00
-1.853100261871086119e+00,1.065597686340610917e+00,1.845292850788323058e+00
-3.258335734905062342e+00,1.422370584493680978e-01,8.512023478547686706e-01
-2.743522236935971748e+00,-2.476350317006980606e-01,3.721704221524055889e-01
-1.578415424908429676e+00,-3.809091344311519300e-01,3.122240346425324553e-01
2.013501764680982742e-01,-7.837214096201440272e-01,-1.032343304708646659e-01
5.664202452935561682e-01,-6.166753845721901772e-01,-1.696396581683788929e+00
1.933717448554317375e+00,-3.861538306401104959e-01,-2.371884043886210325e+00
1.533159902576653355e+00,-5.536409983598460371e-01,-2.039115421805647532e+00
7.000374589909512668e-01,-1.257361591556288127e+00,-3.426277536909957955e-01
-1.626058833460839015e+00,-2.699751080724756225e+00,-7.735396039301263571e-02
-1.158447601372376567e+00,-2.662597064590264129e+00,-1.890744436529780081e+00
-4.435513938241346654e-01,-3.255590847169532509e+00,5.420593666407296229e-01
-5.673654370374948686e-01,-3.437341627943538480e+00,1.270630997014199792e+00
-2.823872710666016084e-01,-3.342986112034703083e+00,1.053000612268626179e+00
7.645778450149420813e-02,-3.222113019966553527e+00,2.708546551999053698e-01
-2.153826008082233845e-01,-1.289712054153603127e+00,1.911058633122818540e-01
-1.363873038865326848e+00,5.439527277054862608e+00,4.152616071763186589e+00
-1.363873038865326848e+00,5.439527277054862608e+00,4.152616071763186589e+00
1.046334456339482299e+00,5.396491358629948998e+00,4.734091129023714650e+00
1.896563432419825501e+00,3.678926873974622591e+00,4.164526923901289202e+00
